Animal_Type,Breed,Age,Gender,Weight,Symptom_1,Symptom_2,Symptom_3,Symptom_4,Duration,Appetite_Loss,Vomiting,Diarrhea,Coughing,Labored_Breathing,Lameness,Skin_Lesions,Nasal_Discharge,Eye_Discharge,Body_Temperature,Heart_Rate,Disease_Prediction
Dog,Labrador,4,Male,25.0,Fever,Lethargy,Appetite Loss,Vomiting,3 days,Yes,Yes,No,No,No,No,No,No,No,39.5°C,120,Parvovirus
Cat,Siamese,2,Female,4.5,Coughing,Sneezing,Eye Discharge,Nasal Discharge,1 week,No,No,No,Yes,No,No,No,Yes,Yes,38.9°C,150,Upper Respiratory Infection
Cow,Holstein,3,Female,600.0,Fever,Nasal Discharge,Labored Breathing,Coughing,5 days,Yes,No,No,Yes,Yes,No,No,Yes,No,40.1°C,90,Foot and Mouth Disease
Dog,Beagle,1,Male,10.0,Diarrhea,Vomiting,Lethargy,Appetite Loss,2 days,Yes,Yes,Yes,No,No,No,No,No,No,39.2°C,130,Gastroenteritis
Cat,Persian,5,Male,3.8,Lethargy,Appetite Loss,Skin Lesions,No,2 weeks,Yes,No,No,No,No,No,Yes,No,No,38.7°C,160,Fungal Infection
Horse,Thoroughbred,6,Female,500.0,Coughing,Labored Breathing,Nasal Discharge,Fever,10 days,Yes,No,No,Yes,Yes,No,No,Yes,No,39.8°C,85,Equine Influenza
Dog,German Shepherd,3,Female,30.0,Lameness,Fever,Skin Lesions,Lethargy,7 days,Yes,No,No,No,No,Yes,Yes,No,No,39.3°C,110,Lyme Disease
Cat,Maine Coon,2,Male,6.0,Vomiting,Appetite Loss,Lethargy,Diarrhea,4 days,Yes,Yes,Yes,No,No,No,No,No,No,39.1°C,140,Intestinal Parasites
Dog,Bulldog,5,Male,23.0,Labored Breathing,Coughing,Nasal Discharge,Appetite Loss,6 days,Yes,No,No,Yes,Yes,No,No,Yes,No,40.0°C,115,Canine Distemper
Cow,Jersey,4,Female,580.0,Lethargy,Decreased Milk Yield,Fever,No,8 days,Yes,No,No,No,No,No,No,No,No,39.6°C,70,Mastitis
Cat,Siamese,3,Female,5.0,Lethargy,Eye Discharge,Vomiting,Fever,5 days,Yes,Yes,No,No,No,No,Yes,No,No,39.0°C,130,Panleukopenia
Dog,Poodle,2,Female,12.0,Lethargy,Appetite Loss,Coughing,Vomiting,4 days,Yes,Yes,No,Yes,No,No,No,No,No,39.4°C,115,Kennel Cough
Cat,Bengal,1,Male,4.2,Vomiting,Diarrhea,Lethargy,Appetite Loss,3 days,Yes,Yes,Yes,No,No,No,No,No,No,38.8°C,140,Panleukopenia
Horse,Arabian,8,Female,490.0,Lameness,Fever,Coughing,Nasal Discharge,1 week,Yes,No,No,Yes,No,Yes,No,Yes,No,39.9°C,75,Strangles
Cow,Hereford,5,Male,650.0,Fever,Lethargy,Decreased Milk Yield,Appetite Loss,5 days,Yes,No,No,No,No,No,No,No,No,39.7°C,80,Bovine Respiratory Disease
Dog,Chihuahua,4,Female,3.5,Lethargy,Vomiting,Diarrhea,Coughing,2 days,Yes,Yes,Yes,Yes,No,No,No,No,No,39.1°C,130,Canine Parvovirus
Cat,Ragdoll,3,Male,5.0,Skin Lesions,Appetite Loss,Lethargy,Vomiting,10 days,Yes,Yes,No,No,No,No,Yes,No,No,38.6°C,155,Ringworm
Dog,Siberian Husky,6,Male,28.0,Lameness,Fever,Skin Lesions,Lethargy,8 days,Yes,No,No,No,No,Yes,Yes,No,No,39.3°C,120,Tick-Borne Disease
Horse,Clydesdale,10,Male,700.0,Coughing,Nasal Discharge,Labored Breathing,Fever,2 weeks,Yes,No,No,Yes,Yes,No,No,Yes,No,40.2°C,85,Equine Influenza
Cat,British Shorthair,5,Female,4.8,Lethargy,Eye Discharge,Appetite Loss,Nasal Discharge,1 week,No,No,No,Yes,Yes,No,No,Yes,Yes,39.0°C,150,Upper Respiratory Infection
Cow,Angus,3,Female,590.0,Decreased Milk Yield,Fever,Appetite Loss,Lethargy,7 days,Yes,No,No,No,No,No,No,No,No,39.5°C,70,Mastitis
Horse,Arabian,7,Male,450.0,Lethargy,Appetite Loss,Fever,Labored Breathing,5 days,Yes,No,No,Yes,Yes,No,No,No,No,39.7°C,90,Equine Influenza
Dog,Poodle,2,Female,8.0,Coughing,Nasal Discharge,Appetite Loss,Lethargy,4 days,Yes,No,No,Yes,No,No,No,Yes,No,39.1°C,125,Kennel Cough
Cat,Bengal,3,Male,5.5,Lethargy,Vomiting,Diarrhea,Dehydration,3 days,Yes,Yes,Yes,No,No,No,No,No,No,39.3°C,140,Panleukopenia
Cow,Angus,5,Female,700.0,Fever,Decreased Milk Yield,Lethargy,Nasal Discharge,7 days,Yes,No,No,Yes,Yes,No,No,Yes,No,39.8°C,80,Bovine Respiratory Disease
Dog,Golden Retriever,4,Male,30.0,Lameness,Swelling,Appetite Loss,Fever,10 days,Yes,No,No,No,No,Yes,No,No,No,39.5°C,110,Arthritis
Cat,Russian Blue,2,Female,4.5,Coughing,Nasal Discharge,Eye Discharge,Sneezing,5 days,No,No,No,Yes,No,No,No,Yes,Yes,38.8°C,150,Feline Herpesvirus
Horse,Quarter Horse,9,Female,480.0,Coughing,Nasal Discharge,Fever,Labored Breathing,6 days,Yes,No,No,Yes,Yes,No,No,No,No,39.9°C,85,Equine Rhinopneumonitis
Dog,Chihuahua,1,Male,3.0,Vomiting,Diarrhea,Lethargy,Fever,3 days,Yes,Yes,Yes,No,No,No,No,No,No,39.4°C,135,Parvovirus
Cat,Ragdoll,6,Male,6.0,Appetite Loss,Weight Loss,Vomiting,Lethargy,2 weeks,Yes,Yes,No,No,No,No,Yes,No,No,39.0°C,160,Feline Leukemia
Cow,Hereford,3,Female,650.0,Lethargy,Fever,Decreased Milk Yield,Nasal Discharge,8 days,Yes,No,No,Yes,No,No,No,No,No,39.6°C,75,Mastitis
Dog,German Shepherd,5,Male,30.0,Lethargy,Labored Breathing,Coughing,Appetite Loss,6 days,Yes,No,No,Yes,Yes,No,No,No,No,39.6°C,125,Heartworm Disease
Cat,Maine Coon,6,Female,7.5,Appetite Loss,Vomiting,Diarrhea,Skin Lesions,4 days,Yes,Yes,Yes,No,No,Yes,No,No,No,38.9°C,145,Feline Infectious Peritonitis
Horse,Thoroughbred,9,Male,500.0,Nasal Discharge,Coughing,Labored Breathing,Lethargy,10 days,No,No,No,Yes,Yes,No,No,Yes,No,40.0°C,78,Equine Viral Arteritis
Cow,Holstein,4,Female,580.0,Appetite Loss,Diarrhea,Lethargy,Decreased Milk Yield,7 days,Yes,No,Yes,No,No,No,No,No,No,39.4°C,82,Johne's Disease
Dog,Beagle,2,Female,9.0,Fever,Vomiting,Lethargy,Skin Lesions,3 days,Yes,Yes,No,No,No,Yes,Yes,No,No,39.2°C,132,Canine Distemper
Cat,Persian,8,Male,4.6,Appetite Loss,Vomiting,Eye Discharge,Lethargy,2 days,No,Yes,No,No,No,No,Yes,No,Yes,39.0°C,140,Conjunctivitis
Horse,Appaloosa,6,Female,520.0,Lameness,Fever,Skin Lesions,Appetite Loss,5 days,No,No,No,No,No,Yes,Yes,No,No,39.8°C,76,Equine Piroplasmosis
Cow,Jersey,3,Male,620.0,Diarrhea,Lethargy,Appetite Loss,Decreased Milk Yield,8 days,Yes,No,Yes,No,No,No,No,No,No,39.7°C,79,Salmonellosis
Dog,Dachshund,7,Male,5.5,Coughing,Labored Breathing,Lethargy,Appetite Loss,2 weeks,Yes,No,No,Yes,Yes,No,No,No,No,39.5°C,120,Chronic Bronchitis
Cat,Sphynx,4,Female,3.2,Eye Discharge,Nasal Discharge,Appetite Loss,Lethargy,1 week,No,No,No,Yes,Yes,No,No,Yes,Yes,39.3°C,150,Feline Upper Respiratory Infection
Dog,Golden Retriever,4,Female,28.0,Lethargy,Vomiting,Diarrhea,Loss of Appetite,5 days,Yes,No,Yes,Yes,No,Yes,No,No,No,39.2°C,130,Parvovirus
Cat,British Shorthair,3,Male,5.5,Appetite Loss,Coughing,Nasal Discharge,Eye Discharge,4 days,Yes,No,No,Yes,Yes,No,No,No,Yes,38.7°C,145,Feline Upper Respiratory Infection
Horse,Arabian,10,Female,450.0,Lameness,Fever,Swollen Joints,Lethargy,8 days,No,No,No,Yes,Yes,No,No,No,No,39.4°C,75,Equine Arthritis
Cow,Angus,6,Male,600.0,Coughing,Nasal Discharge,Labored Breathing,Fever,7 days,No,No,No,Yes,Yes,No,No,No,No,39.9°C,82,Bovine Respiratory Disease
Dog,Bulldog,5,Male,22.0,Vomiting,Appetite Loss,Fever,Diarrhea,3 days,Yes,Yes,No,No,Yes,Yes,No,No,No,39.6°C,138,Gastroenteritis
Cat,Siamese,2,Female,4.0,Sneezing,Eye Discharge,Appetite Loss,Lethargy,2 days,Yes,No,Yes,No,Yes,No,No,No,Yes,39.0°C,135,Feline Herpesvirus
Horse,Quarter Horse,12,Male,500.0,Lameness,Fever,Swollen Joints,Reduced Appetite,5 days,No,No,No,Yes,No,Yes,No,No,No,39.7°C,78,Equine Infectious Anemia
Cow,Hereford,3,Female,570.0,Lethargy,Diarrhea,Appetite Loss,Dehydration,6 days,Yes,No,No,No,No,Yes,No,No,No,39.1°C,80,Bovine Viral Diarrhea
Dog,Poodle,8,Male,15.0,Coughing,Labored Breathing,Lethargy,Appetite Loss,1 week,Yes,No,Yes,No,Yes,No,No,No,Yes,39.3°C,126,Kennel Cough
Cat,Abyssinian,5,Female,4.5,Vomiting,Diarrhea,Loss of Appetite,Dehydration,3 days,No,Yes,No,Yes,No,Yes,No,Yes,No,38.5°C,142,Pancreatitis
Horse,Clydesdale,15,Male,600.0,Appetite Loss,Lethargy,Labored Breathing,Coughing,10 days,No,No,Yes,Yes,No,No,Yes,Yes,No,39.8°C,70,Equine Pneumonia
Cow,Brahman,7,Female,620.0,Fever,Coughing,Lethargy,Decreased Milk Yield,5 days,Yes,No,Yes,Yes,No,Yes,No,No,No,39.6°C,81,Mastitis
Dog,Husky,9,Male,25.0,Lethargy,Vomiting,Diarrhea,Loss of Appetite,4 days,Yes,Yes,No,Yes,Yes,No,No,No,No,39.1°C,124,Canine Parvovirus
Cat,Ragdoll,4,Female,5.0,Eye Discharge,Nasal Discharge,Coughing,Lethargy,6 days,Yes,No,No,Yes,No,Yes,Yes,No,No,38.6°C,148,Feline Calicivirus
Horse,Morgan,11,Female,520.0,Lameness,Swollen Joints,Reduced Appetite,Weight Loss,7 days,No,No,Yes,Yes,No,Yes,No,Yes,No,39.7°C,77,Laminitis
Cow,Limousin,2,Male,550.0,Diarrhea,Lethargy,Appetite Loss,Dehydration,4 days,Yes,No,No,Yes,Yes,No,Yes,No,No,39.5°C,85,Cryptosporidiosis
Dog,Border Collie,3,Female,17.0,Coughing,Labored Breathing,Fever,Nasal Discharge,8 days,Yes,No,No,Yes,No,Yes,No,Yes,Yes,39.4°C,129,Bordetella Infection
Cat,Devon Rex,6,Male,4.2,Vomiting,Appetite Loss,Lethargy,Weight Loss,9 days,Yes,No,Yes,No,Yes,No,Yes,No,No,38.9°C,146,Inflammatory Bowel Disease
Horse,Standardbred,7,Male,540.0,Lameness,Swollen Joints,Lethargy,Weight Loss,6 days,No,No,No,Yes,No,Yes,Yes,No,No,39.6°C,76,Degenerative Joint Disease
Cow,Red Angus,5,Female,620.0,Fever,Diarrhea,Lethargy,Appetite Loss,4 days,Yes,No,Yes,No,Yes,No,Yes,Yes,No,39.8°C,83,Bovine Leukemia Virus
Dog,Chihuahua,3,Male,2.5,Sneezing,Eye Discharge,Labored Breathing,Lethargy,5 days,Yes,No,No,Yes,No,No,Yes,No,Yes,39.5°C,131,Allergic Rhinitis
Cat,Sphynx,5,Female,3.0,Vomiting,Appetite Loss,Diarrhea,Weight Loss,6 days,Yes,Yes,No,No,Yes,No,Yes,No,No,38.7°C,143,Gastroenteritis
Horse,Shire,10,Female,680.0,Lethargy,Fever,Appetite Loss,Weight Loss,10 days,No,No,Yes,Yes,No,Yes,No,No,No,39.9°C,74,Equine Leptospirosis
Cow,Guernsey,4,Male,590.0,Appetite Loss,Lethargy,Diarrhea,Dehydration,5 days,Yes,No,No,Yes,No,No,Yes,No,No,39.3°C,84,Bovine Coccidiosis
Dog,Dachshund,7,Female,8.0,Vomiting,Diarrhea,Weight Loss,Appetite Loss,3 days,Yes,Yes,No,Yes,Yes,No,No,Yes,Yes,39.2°C,120,Gastroenteritis
Cat,Maine Coon,9,Male,6.5,Lethargy,Appetite Loss,Weight Loss,Dehydration,8 days,Yes,Yes,Yes,No,No,No,Yes,Yes,No,39.0°C,140,Feline Renal Disease
Horse,Thoroughbred,14,Male,520.0,Coughing,Labored Breathing,Fever,Weight Loss,12 days,No,Yes,Yes,No,Yes,No,No,Yes,No,39.7°C,72,Equine Influenza
Cow,Jersey,6,Female,600.0,Fever,Nasal Discharge,Decreased Milk Yield,Lethargy,5 days,Yes,No,No,Yes,No,Yes,No,No,No,39.4°C,86,Bovine Respiratory Syncytial Virus
Dog,Labrador Retriever,11,Male,35.0,Lethargy,Loss of Appetite,Fever,Vomiting,7 days,Yes,No,No,Yes,No,Yes,No,Yes,No,39.3°C,118,Canine Distemper
Cat,Persian,8,Female,5.0,Coughing,Nasal Discharge,Eye Discharge,Loss of Appetite,4 days,Yes,No,Yes,No,Yes,No,Yes,No,No,38.9°C,147,Feline Viral Rhinotracheitis
Dog,German Shepherd,6,Female,30.0,Coughing,Labored Breathing,Lethargy,Loss of Appetite,6 days,Yes,No,Yes,No,Yes,No,No,No,Yes,39.4°C,125,Kennel Cough
Cat,Scottish Fold,4,Male,4.8,Sneezing,Eye Discharge,Appetite Loss,Lethargy,5 days,Yes,No,No,Yes,Yes,No,Yes,No,Yes,38.7°C,137,Feline Herpesvirus
Horse,Appaloosa,10,Female,510.0,Lameness,Fever,Swollen Joints,Reduced Appetite,9 days,No,No,Yes,Yes,No,Yes,No,No,No,39.8°C,74,Equine Laminitis
Cow,Holstein,7,Male,590.0,Coughing,Nasal Discharge,Labored Breathing,Lethargy,4 days,No,No,No,Yes,Yes,No,Yes,No,No,39.9°C,80,Bovine Pneumonia
Dog,Beagle,5,Male,10.0,Vomiting,Diarrhea,Loss of Appetite,Fever,3 days,Yes,Yes,No,No,No,Yes,No,Yes,No,39.2°C,132,Gastroenteritis
Cat,Bengal,3,Female,4.2,Lethargy,Vomiting,Diarrhea,Dehydration,6 days,Yes,No,Yes,Yes,No,Yes,No,No,No,39.1°C,145,Feline Panleukopenia
Horse,Arabian,13,Male,490.0,Fever,Nasal Discharge,Labored Breathing,Lethargy,8 days,No,No,No,Yes,Yes,No,No,Yes,No,39.6°C,78,Equine Influenza
Cow,Simmental,8,Female,630.0,Loss of Appetite,Weight Loss,Lethargy,Reduced Milk Production,7 days,No,Yes,No,No,Yes,Yes,Yes,No,No,39.5°C,83,Johne's Disease
Dog,Rottweiler,7,Female,35.0,Vomiting,Diarrhea,Loss of Appetite,Dehydration,3 days,Yes,No,Yes,No,Yes,No,No,No,Yes,39.0°C,127,Parvovirus
Cat,Siberian,2,Male,5.5,Coughing,Sneezing,Nasal Discharge,Eye Discharge,4 days,Yes,No,Yes,No,No,Yes,No,Yes,No,38.6°C,144,Feline Calicivirus
Horse,American Quarter,14,Female,520.0,Swollen Joints,Lameness,Fever,Loss of Appetite,10 days,No,No,Yes,Yes,Yes,No,No,No,No,39.7°C,75,Equine Arthritis
Cow,Shorthorn,5,Male,600.0,Diarrhea,Dehydration,Lethargy,Loss of Appetite,5 days,Yes,No,No,Yes,No,Yes,No,No,Yes,39.4°C,84,Salmonellosis
Dog,Shih Tzu,4,Female,7.0,Coughing,Labored Breathing,Appetite Loss,Lethargy,6 days,Yes,No,Yes,No,Yes,Yes,No,No,No,39.3°C,133,Canine Flu
Cat,American Curl,5,Male,3.7,Vomiting,Diarrhea,Dehydration,Weight Loss,3 days,Yes,Yes,No,No,Yes,Yes,No,No,No,38.8°C,148,Pancreatitis
Horse,Percheron,12,Male,600.0,Swollen Joints,Lameness,Appetite Loss,Weight Loss,5 days,No,No,No,Yes,Yes,No,No,Yes,No,39.9°C,72,Equine Infectious Anemia
Cow,Brahman,3,Female,570.0,Fever,Nasal Discharge,Lethargy,Coughing,4 days,Yes,No,No,Yes,No,Yes,No,No,Yes,39.8°C,86,Respiratory Syncytial Virus
Dog,Chihuahua,9,Male,2.0,Vomiting,Loss of Appetite,Diarrhea,Lethargy,2 days,Yes,Yes,No,No,No,Yes,No,No,Yes,39.1°C,128,Gastroenteritis
Cat,Manx,4,Female,3.3,Eye Discharge,Nasal Discharge,Sneezing,Coughing,6 days,Yes,No,No,Yes,No,Yes,Yes,No,No,38.5°C,138,Feline Herpesvirus
Horse,Tennessee Walker,16,Female,530.0,Weight Loss,Loss of Appetite,Lethargy,Fever,8 days,No,No,Yes,Yes,No,Yes,Yes,No,No,39.6°C,71,Equine Cushing's Disease
Cow,Jersey,6,Male,620.0,Weight Loss,Reduced Milk Production,Lethargy,Appetite Loss,7 days,Yes,No,Yes,No,Yes,Yes,No,No,No,39.4°C,87,Tuberculosis
Dog,Dalmatian,8,Female,20.0,Vomiting,Diarrhea,Weight Loss,Dehydration,4 days,Yes,No,Yes,No,Yes,No,No,Yes,No,39.0°C,120,Pancreatitis
Cat,Bombay,6,Male,4.0,Lethargy,Vomiting,Loss of Appetite,Weight Loss,5 days,Yes,No,No,Yes,Yes,No,Yes,No,No,38.9°C,149,Hyperthyroidism
Horse,Welsh Pony,10,Male,450.0,Lameness,Swollen Joints,Reduced Appetite,Weight Loss,9 days,No,No,Yes,Yes,Yes,No,No,Yes,No,39.8°C,76,Equine Arthritis
Cow,Brown Swiss,3,Female,580.0,Diarrhea,Dehydration,Loss of Appetite,Lethargy,5 days,Yes,Yes,No,No,No,Yes,No,No,Yes,39.3°C,85,Coccidiosis
Dog,Akita,6,Male,35.0,Lethargy,Loss of Appetite,Fever,Vomiting,6 days,Yes,No,Yes,No,Yes,Yes,No,No,Yes,39.5°C,130,Canine Hepatitis
Cat,British Shorthair,7,Female,4.4,Nasal Discharge,Eye Discharge,Sneezing,Lethargy,4 days,Yes,No,No,Yes,No,Yes,Yes,No,No,38.6°C,142,Upper Respiratory Infection
Horse,Morgan,11,Female,530.0,Weight Loss,Swollen Joints,Reduced Appetite,Fever,8 days,No,Yes,Yes,No,Yes,No,No,Yes,No,39.7°C,74,Equine Encephalitis
Cow,Guernsey,5,Male,610.0,Nasal Discharge,Coughing,Labored Breathing,Fever,3 days,Yes,No,Yes,No,No,Yes,No,No,Yes,39.9°C,82,Bovine Influenza
Dog,Boxer,8,Female,27.0,Vomiting,Lethargy,Diarrhea,Loss of Appetite,4 days,Yes,Yes,No,No,Yes,No,No,Yes,No,39.2°C,131,Gastroenteritis
Cat,Abyssinian,4,Male,4.5,Eye Discharge,Lethargy,Nasal Discharge,Sneezing,5 days,Yes,No,No,Yes,Yes,No,No,Yes,No,38.8°C,140,Feline Calicivirus
Dog,Golden Retriever,5,Male,32.0,Vomiting,Diarrhea,Loss of Appetite,Lethargy,3 days,Yes,No,Yes,No,Yes,No,No,No,Yes,39.2°C,130,Gastroenteritis
Cat,Persian,7,Female,4.1,Sneezing,Nasal Discharge,Eye Discharge,Lethargy,4 days,Yes,No,No,Yes,Yes,No,Yes,No,Yes,38.9°C,142,Feline Upper Respiratory Infection
Horse,Thoroughbred,15,Male,480.0,Lameness,Swollen Joints,Appetite Loss,Fever,7 days,No,Yes,No,No,Yes,Yes,No,Yes,No,39.7°C,75,Equine Arthritis
Cow,Limousin,6,Female,620.0,Weight Loss,Reduced Milk Production,Appetite Loss,Lethargy,10 days,Yes,Yes,No,Yes,No,Yes,No,No,Yes,39.4°C,85,Johne's Disease
Rabbit,Holland Lop,3,Female,1.8,Sneezing,Nasal Discharge,Loss of Appetite,Lethargy,5 days,No,Yes,No,Yes,Yes,No,No,Yes,No,38.6°C,160,Snuffles
Sheep,Merino,4,Male,75.0,Coughing,Labored Breathing,Nasal Discharge,Fever,4 days,Yes,No,No,Yes,No,Yes,Yes,No,No,40.0°C,78,Pneumonia
Goat,Boer,5,Female,68.0,Diarrhea,Dehydration,Lethargy,Loss of Appetite,6 days,Yes,No,Yes,No,No,Yes,No,No,Yes,39.3°C,82,Coccidiosis
Pig,Yorkshire,2,Male,110.0,Vomiting,Diarrhea,Loss of Appetite,Fever,3 days,No,Yes,No,Yes,Yes,No,No,Yes,Yes,39.5°C,85,Porcine Epidemic Diarrhea
Dog,Dachshund,4,Female,9.0,Lethargy,Vomiting,Loss of Appetite,Dehydration,3 days,Yes,No,Yes,No,Yes,Yes,No,No,No,39.0°C,132,Parvovirus
Cat,Siamese,6,Male,4.2,Coughing,Sneezing,Eye Discharge,Lethargy,4 days,Yes,No,No,Yes,No,Yes,Yes,No,Yes,38.7°C,140,Feline Calicivirus
Horse,Clydesdale,12,Female,600.0,Fever,Swollen Joints,Appetite Loss,Lameness,6 days,No,No,Yes,No,Yes,Yes,No,Yes,No,39.6°C,77,Equine Laminitis
Cow,Angus,8,Male,580.0,Coughing,Labored Breathing,Lethargy,Nasal Discharge,5 days,Yes,No,No,Yes,No,Yes,No,No,Yes,40.0°C,83,Bovine Respiratory Disease
Rabbit,Mini Rex,2,Male,1.6,Diarrhea,Loss of Appetite,Dehydration,Weight Loss,3 days,No,Yes,No,Yes,No,Yes,No,No,Yes,38.5°C,155,Enteritis
Sheep,Suffolk,3,Female,80.0,Weight Loss,Lethargy,Loss of Appetite,Reduced Wool Growth,8 days,Yes,No,Yes,No,No,Yes,No,Yes,No,39.8°C,77,Scrapie
Goat,Alpine,4,Male,72.0,Fever,Lethargy,Weight Loss,Loss of Appetite,7 days,No,Yes,No,No,Yes,Yes,No,No,Yes,39.7°C,83,Caprine Arthritis Encephalitis
Pig,Duroc,3,Female,115.0,Sneezing,Coughing,Nasal Discharge,Labored Breathing,5 days,Yes,No,Yes,No,No,Yes,Yes,No,No,40.0°C,80,Swine Influenza
Dog,Corgi,5,Male,11.0,Vomiting,Diarrhea,Lethargy,Weight Loss,3 days,Yes,No,Yes,No,No,Yes,No,Yes,No,39.2°C,134,Pancreatitis
Cat,Burmese,8,Female,4.5,Eye Discharge,Nasal Discharge,Sneezing,Lethargy,6 days,Yes,No,Yes,Yes,No,Yes,No,No,Yes,38.6°C,139,Feline Viral Rhinotracheitis
Horse,Paint,14,Male,500.0,Lameness,Weight Loss,Reduced Appetite,Swollen Joints,10 days,No,Yes,No,Yes,Yes,No,No,Yes,No,39.5°C,76,Equine Osteoarthritis
Cow,Hereford,7,Female,590.0,Diarrhea,Dehydration,Lethargy,Appetite Loss,6 days,Yes,Yes,No,No,Yes,No,No,Yes,No,39.3°C,84,Bovine Johne's Disease
Rabbit,Flemish Giant,5,Female,6.8,Lethargy,Appetite Loss,Weight Loss,Diarrhea,5 days,Yes,No,Yes,No,Yes,Yes,No,No,Yes,39.0°C,150,Gastrointestinal Stasis
Sheep,Dorper,6,Male,65.0,Coughing,Labored Breathing,Nasal Discharge,Appetite Loss,4 days,No,No,Yes,Yes,No,Yes,Yes,No,Yes,39.9°C,80,Pasteurellosis
Goat,Nubian,3,Female,70.0,Diarrhea,Dehydration,Lethargy,Appetite Loss,5 days,Yes,Yes,No,No,No,Yes,No,Yes,Yes,39.4°C,81,Giardiasis
Dog,Poodle,7,Female,15.0,Lethargy,Vomiting,Loss of Appetite,Diarrhea,4 days,Yes,No,Yes,No,No,Yes,No,Yes,No,39.1°C,125,Canine Parvovirus
Cat,Maine Coon,5,Male,5.2,Nasal Discharge,Eye Discharge,Sneezing,Lethargy,3 days,Yes,Yes,No,Yes,No,No,No,Yes,No,38.8°C,140,Feline Respiratory Disease Complex
Horse,Arabian,9,Female,460.0,Lameness,Swollen Joints,Loss of Appetite,Reduced Mobility,6 days,No,Yes,No,No,Yes,Yes,No,Yes,Yes,39.6°C,78,Equine Lyme Disease
Cow,Jersey,6,Male,570.0,Coughing,Nasal Discharge,Labored Breathing,Fever,5 days,Yes,No,Yes,No,Yes,No,No,Yes,Yes,39.4°C,81,Bovine Tuberculosis
Rabbit,English Angora,4,Female,2.1,Sneezing,Nasal Discharge,Weight Loss,Lethargy,3 days,Yes,No,No,Yes,Yes,No,Yes,No,Yes,38.6°C,150,Rabbit Viral Hemorrhagic Disease
Sheep,Cheviot,5,Male,85.0,Weight Loss,Reduced Wool Production,Lethargy,Loss of Appetite,7 days,Yes,Yes,No,No,Yes,No,No,No,Yes,39.2°C,79,Foot-and-Mouth Disease
Goat,Toggenburg,7,Female,65.0,Diarrhea,Dehydration,Lethargy,Appetite Loss,5 days,Yes,Yes,No,Yes,No,Yes,No,Yes,No,39.3°C,80,Coccidiosis
Pig,Berkshire,2,Male,115.0,Coughing,Nasal Discharge,Lethargy,Fever,4 days,Yes,No,No,Yes,Yes,No,Yes,No,Yes,39.8°C,85,Actinobacillus Pleuropneumonia
Dog,Shih Tzu,8,Female,8.0,Lethargy,Vomiting,Diarrhea,Loss of Appetite,5 days,Yes,No,Yes,Yes,No,No,No,No,Yes,39.0°C,130,Canine Hepatitis
Cat,Scottish Fold,4,Male,4.3,Nasal Discharge,Eye Discharge,Sneezing,Lethargy,3 days,Yes,No,Yes,No,No,Yes,No,Yes,Yes,38.7°C,143,Feline Rhinotracheitis
Horse,Belgian,13,Female,650.0,Lameness,Swollen Joints,Fever,Weight Loss,8 days,No,Yes,No,Yes,Yes,No,No,No,Yes,39.5°C,74,Equine Infectious Anemia
Cow,Brown Swiss,9,Male,600.0,Labored Breathing,Nasal Discharge,Coughing,Fever,6 days,Yes,No,Yes,Yes,No,Yes,No,No,Yes,39.6°C,80,Bovine Respiratory Disease
Rabbit,Himalayan,3,Male,1.9,Sneezing,Eye Discharge,Nasal Discharge,Lethargy,2 days,No,Yes,No,Yes,Yes,Yes,Yes,Yes,No,38.4°C,160,Respiratory Infection
Sheep,Romney,6,Female,78.0,Weight Loss,Lethargy,Loss of Appetite,Swollen Joints,9 days,Yes,Yes,No,Yes,No,No,Yes,Yes,No,39.7°C,76,Scrapie
Goat,Kiko,3,Male,75.0,Nasal Discharge,Fever,Weight Loss,Loss of Appetite,6 days,No,Yes,Yes,No,Yes,Yes,No,Yes,Yes,39.2°C,82,Caprine Respiratory Disease
Pig,Tamworth,4,Female,120.0,Vomiting,Diarrhea,Appetite Loss,Fever,5 days,Yes,Yes,No,Yes,Yes,No,Yes,No,No,39.6°C,84,Swine Dysentery
Dog,Beagle,6,Male,13.0,Coughing,Labored Breathing,Nasal Discharge,Fever,4 days,Yes,No,No,Yes,Yes,Yes,No,Yes,No,39.4°C,127,Kennel Cough
Cat,Russian Blue,5,Female,4.7,Eye Discharge,Nasal Discharge,Sneezing,Lethargy,5 days,Yes,Yes,No,No,No,Yes,No,Yes,Yes,38.6°C,145,Feline Respiratory Infection
Horse,Shetland Pony,11,Male,300.0,Lameness,Swollen Joints,Appetite Loss,Weight Loss,7 days,Yes,Yes,No,Yes,No,Yes,No,Yes,No,39.6°C,80,Equine Osteoarthritis
Cow,Holstein,7,Female,650.0,Coughing,Nasal Discharge,Appetite Loss,Fever,5 days,Yes,No,No,Yes,Yes,No,No,Yes,No,39.4°C,79,Bovine Tuberculosis
Rabbit,Dutch,2,Female,1.4,Sneezing,Nasal Discharge,Lethargy,Loss of Appetite,3 days,Yes,No,Yes,Yes,No,Yes,No,No,Yes,38.8°C,155,Upper Respiratory Infection
Sheep,Lincoln,8,Male,95.0,Lethargy,Swollen Joints,Fever,Loss of Appetite,6 days,No,Yes,No,Yes,Yes,No,Yes,No,Yes,39.9°C,75,Footrot
Goat,LaMancha,5,Female,72.0,Diarrhea,Loss of Appetite,Lethargy,Dehydration,7 days,Yes,No,Yes,No,No,Yes,No,Yes,No,39.2°C,82,Gastrointestinal Infection
Pig,Poland China,3,Male,110.0,Fever,Coughing,Nasal Discharge,Weight Loss,6 days,No,Yes,Yes,No,Yes,No,Yes,No,Yes,39.8°C,87,Actinobacillus Pleuropneumonia
Dog,Golden Retriever,7,Male,30.0,Vomiting,Diarrhea,Loss of Appetite,Lethargy,6 days,Yes,No,Yes,Yes,No,No,Yes,No,No,39.5°C,118,Canine Parvovirus
Cat,Sphynx,4,Male,5.2,Vomiting,Diarrhea,Loss of Appetite,Lethargy,5 days,Yes,Yes,Yes,No,Yes,Yes,No,No,No,39.1°C,148,Feline Infectious Peritonitis
Horse,Clydesdale,15,Female,700.0,Swollen Joints,Lameness,Weight Loss,Lethargy,8 days,No,Yes,No,Yes,Yes,No,Yes,Yes,Yes,39.5°C,77,Equine Metabolic Syndrome
Cow,Simmental,8,Male,580.0,Appetite Loss,Weight Loss,Fever,Lethargy,6 days,Yes,Yes,Yes,Yes,No,Yes,No,No,Yes,39.3°C,80,Bovine Johne's Disease
Rabbit,Mini Rex,1,Female,1.2,Nasal Discharge,Lethargy,Loss of Appetite,Sneezing,2 days,Yes,No,Yes,No,Yes,No,Yes,No,No,38.7°C,165,Pasteurellosis
Dog,Rottweiler,5,Female,42.0,Lethargy,Vomiting,Loss of Appetite,Coughing,4 days,Yes,Yes,No,Yes,No,Yes,Yes,No,No,39.2°C,120,Canine Parvovirus
Cat,Bengal,3,Male,5.5,Nasal Discharge,Coughing,Sneezing,Lethargy,5 days,Yes,Yes,No,Yes,No,Yes,No,No,Yes,38.9°C,140,Feline Calicivirus
Horse,Thoroughbred,7,Female,480.0,Lameness,Loss of Appetite,Swollen Legs,Fever,6 days,No,Yes,Yes,No,Yes,Yes,No,Yes,No,39.6°C,75,Equine Influenza
Cow,Angus,6,Male,550.0,Coughing,Nasal Discharge,Fever,Weight Loss,7 days,Yes,No,Yes,Yes,Yes,No,Yes,No,No,39.4°C,82,Bovine Respiratory Disease
Rabbit,Himalayan,2,Male,1.6,Nasal Discharge,Sneezing,Lethargy,Appetite Loss,3 days,Yes,Yes,No,Yes,No,No,Yes,No,No,38.5°C,150,Rabbit Hemorrhagic Disease
Sheep,Texel,4,Female,85.0,Lameness,Swollen Joints,Loss of Appetite,Diarrhea,5 days,Yes,No,No,Yes,No,No,Yes,Yes,No,39.3°C,76,Blue Tongue Virus
Goat,Alpine,5,Male,72.0,Vomiting,Diarrhea,Fever,Loss of Appetite,6 days,Yes,Yes,No,Yes,No,No,Yes,Yes,No,39.0°C,81,Caprine Arthritis Encephalitis
Pig,Duroc,3,Female,100.0,Coughing,Nasal Discharge,Loss of Appetite,Lethargy,4 days,Yes,No,Yes,No,Yes,Yes,No,No,Yes,39.5°C,88,Swine Influenza
Dog,Doberman Pinscher,6,Male,40.0,Vomiting,Lethargy,Loss of Appetite,Coughing,5 days,Yes,Yes,No,Yes,No,No,Yes,Yes,No,39.3°C,119,Canine Distemper
Cat,Siamese,4,Female,4.2,Nasal Discharge,Lethargy,Loss of Appetite,Fever,6 days,Yes,No,Yes,Yes,No,Yes,No,Yes,Yes,38.8°C,145,Feline Leukemia Virus
Horse,Pinto,9,Male,530.0,Lameness,Coughing,Loss of Appetite,Swollen Legs,7 days,No,Yes,No,Yes,Yes,No,No,Yes,No,39.7°C,77,Equine Infectious Anemia
Cow,Charolais,5,Female,620.0,Lethargy,Coughing,Nasal Discharge,Fever,4 days,Yes,Yes,Yes,No,Yes,No,No,Yes,Yes,39.6°C,81,Bovine Tuberculosis
Rabbit,Mini Lop,1,Female,1.2,Nasal Discharge,Loss of Appetite,Lethargy,Sneezing,2 days,Yes,Yes,Yes,Yes,No,No,Yes,No,No,38.7°C,155,Myxomatosis
Sheep,Suffolk,6,Male,90.0,Swollen Joints,Loss of Appetite,Lethargy,Coughing,5 days,Yes,Yes,No,Yes,No,Yes,No,Yes,No,39.4°C,78,Caseous Lymphadenitis
Goat,Boer,3,Female,70.0,Fever,Vomiting,Diarrhea,Appetite Loss,5 days,Yes,No,Yes,No,Yes,Yes,No,Yes,Yes,39.5°C,80,Caprine Pleuropneumonia
Pig,Landrace,5,Male,120.0,Coughing,Nasal Discharge,Loss of Appetite,Lethargy,6 days,Yes,Yes,No,No,Yes,No,Yes,Yes,No,39.2°C,85,Actinobacillus Pleuropneumonia
Dog,Pit Bull,4,Female,35.0,Lethargy,Vomiting,Loss of Appetite,Coughing,3 days,Yes,Yes,No,Yes,No,Yes,No,No,No,39.0°C,125,Leptospirosis
Cat,Persian,5,Male,5.0,Eye Discharge,Nasal Discharge,Sneezing,Lethargy,4 days,Yes,Yes,No,Yes,No,Yes,Yes,No,Yes,38.9°C,148,Feline Herpesvirus
Horse,Mustang,12,Male,550.0,Lameness,Appetite Loss,Swollen Legs,Fever,5 days,No,Yes,Yes,No,Yes,No,Yes,No,Yes,39.6°C,80,Equine Laminitis
Cow,Hereford,7,Female,580.0,Loss of Appetite,Fever,Coughing,Lethargy,6 days,Yes,No,Yes,Yes,No,Yes,Yes,Yes,Yes,39.5°C,80,Bovine Johne's Disease
Rabbit,Holland Lop,3,Male,1.3,Nasal Discharge,Loss of Appetite,Lethargy,Fever,4 days,Yes,Yes,No,No,Yes,No,Yes,Yes,No,38.6°C,160,Rabbit Syphilis
Sheep,Border Leicester,5,Male,90.0,Lethargy,Nasal Discharge,Swollen Joints,Loss of Appetite,5 days,Yes,Yes,No,Yes,No,Yes,No,Yes,Yes,39.7°C,74,Chlamydia in Sheep
Goat,Nubian,6,Female,60.0,Vomiting,Fever,Loss of Appetite,Lethargy,5 days,Yes,No,Yes,Yes,No,Yes,No,No,No,39.3°C,82,Caprine Respiratory Disease
Pig,Wessex Saddleback,3,Male,105.0,Vomiting,Fever,Loss of Appetite,Lethargy,5 days,Yes,Yes,No,Yes,Yes,No,Yes,No,Yes,39.0°C,84,Actinobacillus Suis
Dog,Cocker Spaniel,5,Female,20.0,Vomiting,Lethargy,Loss of Appetite,Fever,4 days,Yes,Yes,No,No,Yes,No,No,Yes,No,39.2°C,123,Canine Leptospirosis
Cat,Scottish Fold,4,Male,4.8,Coughing,Loss of Appetite,Fever,Lethargy,5 days,Yes,No,Yes,No,No,Yes,No,Yes,Yes,38.8°C,147,Feline Chlamydia
Horse,Arabian,6,Female,500.0,Lameness,Loss of Appetite,Swollen Legs,Coughing,6 days,No,Yes,Yes,Yes,No,No,Yes,Yes,No,39.4°C,79,Equine West Nile Virus
Cow,Jersey,5,Female,500.0,Coughing,Nasal Discharge,Lethargy,Fever,5 days,Yes,Yes,Yes,No,Yes,No,No,Yes,Yes,39.5°C,81,Bovine Viral Diarrhea
Rabbit,English Angora,2,Male,1.5,Sneezing,Nasal Discharge,Loss of Appetite,Fever,3 days,Yes,No,No,Yes,Yes,No,Yes,No,No,38.9°C,153,Myxomatosis
Dog,German Shepherd,4,Female,45.0,Lethargy,Loss of Appetite,Coughing,Fever,5 days,Yes,No,Yes,Yes,No,Yes,Yes,No,No,39.4°C,120,Canine Parvovirus
Cat,Maine Coon,3,Male,7.5,Lethargy,Vomiting,Loss of Appetite,Diarrhea,4 days,Yes,Yes,No,Yes,Yes,Yes,No,Yes,No,39.1°C,148,Feline Infectious Peritonitis
Horse,Clydesdale,9,Male,850.0,Lameness,Coughing,Loss of Appetite,Fever,6 days,No,Yes,Yes,No,Yes,No,Yes,Yes,No,39.2°C,79,Equine Rhinopneumonitis
Cow,Holstein,5,Female,620.0,Coughing,Fever,Loss of Appetite,Lethargy,7 days,Yes,No,Yes,Yes,No,Yes,Yes,No,Yes,39.3°C,82,Bovine Respiratory Syncytial Virus
Rabbit,English Spot,2,Female,1.3,Sneezing,Nasal Discharge,Loss of Appetite,Fever,3 days,Yes,No,Yes,Yes,No,No,Yes,Yes,No,38.8°C,155,Rabbit Syphilis
Sheep,Finnsheep,4,Male,70.0,Coughing,Lethargy,Loss of Appetite,Swollen Joints,5 days,Yes,No,Yes,Yes,No,Yes,No,Yes,Yes,39.0°C,75,Scrapie
Goat,Saanen,5,Female,65.0,Vomiting,Fever,Diarrhea,Loss of Appetite,6 days,Yes,Yes,No,No,Yes,Yes,No,Yes,Yes,39.4°C,80,Caprine Pleuropneumonia
Pig,Tamworth,3,Male,100.0,Coughing,Lethargy,Nasal Discharge,Loss of Appetite,4 days,Yes,Yes,No,Yes,Yes,No,Yes,No,No,39.6°C,85,Porcine Epidemic Diarrhea
Dog,Poodle,6,Male,25.0,Lethargy,Loss of Appetite,Coughing,Fever,5 days,Yes,Yes,No,Yes,No,No,Yes,Yes,No,39.3°C,110,Canine Distemper
Cat,Russian Blue,3,Female,4.8,Nasal Discharge,Coughing,Loss of Appetite,Lethargy,4 days,Yes,No,Yes,No,Yes,No,Yes,Yes,No,38.9°C,145,Feline Leukemia Virus
Horse,Shetland Pony,8,Female,300.0,Lameness,Loss of Appetite,Swollen Legs,Fever,5 days,Yes,Yes,No,Yes,No,Yes,Yes,No,No,39.5°C,76,Equine Herpesvirus
Cow,Guernsey,7,Male,590.0,Coughing,Lethargy,Loss of Appetite,Swollen Legs,6 days,Yes,No,No,Yes,Yes,Yes,Yes,No,Yes,39.1°C,78,Bovine Tuberculosis
Rabbit,Mini Rex,1,Female,1.1,Sneezing,Loss of Appetite,Fever,Nasal Discharge,2 days,Yes,Yes,No,Yes,No,No,Yes,No,No,38.7°C,160,Myxomatosis
Sheep,Leicester Longwool,6,Male,95.0,Swollen Joints,Loss of Appetite,Coughing,Lethargy,5 days,Yes,No,Yes,No,Yes,No,No,Yes,No,39.4°C,74,Chlamydia in Sheep
Goat,Nigerian Dwarf,2,Female,55.0,Vomiting,Fever,Loss of Appetite,Lethargy,4 days,Yes,Yes,No,Yes,No,No,Yes,No,Yes,39.2°C,82,Caprine Arthritis Encephalitis
Pig,Large White,6,Female,115.0,Coughing,Nasal Discharge,Loss of Appetite,Lethargy,7 days,Yes,No,Yes,Yes,Yes,No,Yes,No,No,39.7°C,83,Swine Influenza
Dog,Golden Retriever,7,Male,33.0,Lethargy,Vomiting,Loss of Appetite,Fever,5 days,Yes,Yes,Yes,No,Yes,Yes,No,No,Yes,39.2°C,118,Canine Leptospirosis
Cat,Burmese,4,Male,4.3,Nasal Discharge,Coughing,Loss of Appetite,Lethargy,3 days,Yes,No,No,Yes,No,Yes,Yes,No,Yes,39.0°C,150,Feline Calicivirus
Horse,Welsh Pony,5,Female,400.0,Lameness,Loss of Appetite,Swollen Legs,Fever,4 days,No,Yes,Yes,No,Yes,No,Yes,Yes,No,39.4°C,78,Equine Influenza
Cow,Aberdeen Angus,6,Female,620.0,Coughing,Fever,Loss of Appetite,Lethargy,5 days,Yes,No,Yes,No,Yes,Yes,Yes,Yes,No,39.2°C,80,Bovine Respiratory Disease
Rabbit,Himalayan,2,Male,1.2,Sneezing,Loss of Appetite,Fever,Nasal Discharge,4 days,Yes,Yes,No,Yes,No,No,Yes,No,Yes,38.8°C,154,Rabbit Hemorrhagic Disease
Sheep,Dorset,3,Male,75.0,Coughing,Loss of Appetite,Lethargy,Fever,5 days,Yes,No,Yes,Yes,Yes,No,Yes,No,No,39.1°C,77,Foot and Mouth Disease
Goat,Toggenburg,5,Female,60.0,Vomiting,Diarrhea,Loss of Appetite,Fever,4 days,Yes,Yes,Yes,No,Yes,No,Yes,No,No,39.6°C,81,Caprine Pleuropneumonia
Pig,Berkshire,4,Male,95.0,Coughing,Loss of Appetite,Lethargy,Nasal Discharge,3 days,Yes,No,No,Yes,Yes,Yes,Yes,Yes,No,39.2°C,88,Porcine Reproductive and Respiratory Syndrome
Dog,Bulldog,5,Female,18.0,Lethargy,Coughing,Loss of Appetite,Fever,5 days,Yes,No,No,Yes,Yes,Yes,No,Yes,No,39.3°C,115,Kennel Cough
Cat,Siamese,6,Male,5.5,Coughing,Loss of Appetite,Lethargy,Fever,4 days,Yes,No,No,Yes,No,No,Yes,Yes,No,39.0°C,149,Feline Infectious Peritonitis
Horse,Thoroughbred,8,Female,550.0,Lameness,Loss of Appetite,Swollen Legs,Fever,5 days,Yes,No,Yes,No,Yes,Yes,No,Yes,Yes,39.2°C,77,Equine Herpesvirus
Cow,Ayrshire,4,Male,630.0,Coughing,Lethargy,Loss of Appetite,Swollen Legs,6 days,Yes,No,Yes,Yes,No,Yes,Yes,Yes,No,39.1°C,79,Bovine Tuberculosis
Dog,Beagle,4,Female,15.0,Coughing,Loss of Appetite,Lethargy,Fever,4 days,Yes,No,Yes,Yes,No,No,Yes,Yes,No,39.2°C,125,Canine Influenza
Cat,Bengal,3,Male,5.0,Nasal Discharge,Coughing,Loss of Appetite,Fever,5 days,Yes,Yes,No,Yes,Yes,No,Yes,No,Yes,39.0°C,140,Feline Calicivirus
Horse,Arabian,7,Female,500.0,Lameness,Loss of Appetite,Swollen Legs,Fever,6 days,No,Yes,Yes,Yes,No,Yes,Yes,No,No,39.3°C,85,Equine Protozoal Myeloencephalitis
Cow,Jersey,5,Male,560.0,Coughing,Loss of Appetite,Lethargy,Fever,5 days,Yes,No,Yes,Yes,Yes,Yes,Yes,No,Yes,39.1°C,79,Bovine Tuberculosis
Rabbit,Himalayan,2,Male,1.2,Sneezing,Loss of Appetite,Nasal Discharge,Fever,3 days,Yes,No,Yes,Yes,No,No,Yes,No,Yes,38.7°C,155,Rabbit Hemorrhagic Disease
Sheep,Suffolk,5,Female,90.0,Coughing,Lethargy,Loss of Appetite,Fever,4 days,Yes,No,Yes,Yes,Yes,Yes,No,Yes,No,39.2°C,72,Foot and Mouth Disease
Goat,Boer,6,Male,70.0,Vomiting,Diarrhea,Loss of Appetite,Fever,5 days,Yes,Yes,No,Yes,No,Yes,Yes,No,No,39.4°C,80,Caprine Arthritis Encephalitis
Pig,Duroc,4,Female,105.0,Coughing,Loss of Appetite,Nasal Discharge,Lethargy,3 days,Yes,No,Yes,No,Yes,No,Yes,No,Yes,39.5°C,83,Porcine Respiratory Disease Complex
Dog,Chihuahua,3,Male,6.0,Lethargy,Vomiting,Loss of Appetite,Fever,2 days,Yes,Yes,No,Yes,Yes,No,Yes,Yes,No,39.0°C,118,Canine Parvovirus
Cat,Scottish Fold,5,Female,4.7,Nasal Discharge,Coughing,Loss of Appetite,Fever,6 days,Yes,Yes,Yes,Yes,No,Yes,No,Yes,Yes,38.9°C,150,Feline Infectious Peritonitis
Horse,Mustang,8,Male,550.0,Lameness,Loss of Appetite,Swollen Legs,Fever,7 days,No,Yes,Yes,Yes,Yes,No,No,Yes,No,39.1°C,87,Equine Influenza
Cow,Simmental,4,Male,650.0,Coughing,Loss of Appetite,Lethargy,Fever,6 days,Yes,No,Yes,Yes,Yes,Yes,No,No,Yes,39.3°C,78,Bovine Respiratory Syncytial Virus
Rabbit,Mini Lop,1,Female,1.0,Sneezing,Loss of Appetite,Nasal Discharge,Fever,3 days,Yes,No,Yes,Yes,Yes,No,Yes,No,No,38.8°C,158,Myxomatosis
Sheep,Karakul,5,Male,80.0,Swollen Joints,Coughing,Loss of Appetite,Lethargy,4 days,Yes,No,Yes,Yes,Yes,Yes,No,Yes,Yes,39.4°C,75,Scrapie
Goat,Angora,6,Female,60.0,Vomiting,Loss of Appetite,Lethargy,Fever,5 days,Yes,Yes,Yes,Yes,No,No,Yes,No,Yes,39.6°C,83,Caprine Pleuropneumonia
Pig,Landrace,4,Male,100.0,Coughing,Loss of Appetite,Lethargy,Fever,5 days,Yes,Yes,Yes,Yes,Yes,No,Yes,No,Yes,39.2°C,87,Porcine Epidemic Diarrhea
Dog,Rottweiler,5,Female,40.0,Lethargy,Vomiting,Loss of Appetite,Fever,4 days,Yes,No,Yes,Yes,Yes,Yes,No,Yes,No,39.3°C,122,Canine Distemper
Cat,Abyssinian,3,Male,4.6,Nasal Discharge,Coughing,Loss of Appetite,Fever,4 days,Yes,No,Yes,No,Yes,Yes,Yes,No,No,39.0°C,142,Feline Leukemia Virus
Horse,Tennessee Walking Horse,6,Female,600.0,Lameness,Swollen Legs,Loss of Appetite,Fever,6 days,No,Yes,Yes,Yes,No,No,Yes,Yes,Yes,39.4°C,82,Equine Rhinopneumonitis
Cow,Dexter,3,Male,450.0,Coughing,Loss of Appetite,Lethargy,Fever,5 days,Yes,Yes,No,Yes,Yes,No,Yes,Yes,Yes,39.3°C,79,Bovine Viral Diarrhea
Rabbit,Holland Lop,1,Male,1.0,Sneezing,Loss of Appetite,Nasal Discharge,Fever,3 days,Yes,Yes,No,Yes,No,Yes,Yes,No,No,38.9°C,153,Rabbit Syphilis
Sheep,Corriedale,4,Female,95.0,Swollen Joints,Coughing,Loss of Appetite,Lethargy,5 days,Yes,No,No,Yes,Yes,Yes,No,Yes,No,39.1°C,76,Blue Tongue
Goat,Kiko,5,Male,72.0,Vomiting,Loss of Appetite,Lethargy,Fever,6 days,Yes,Yes,No,Yes,No,Yes,Yes,No,Yes,39.5°C,80,Caprine Pleuropneumonia
Pig,Hampshire,3,Female,105.0,Coughing,Loss of Appetite,Lethargy,Nasal Discharge,5 days,Yes,Yes,No,Yes,Yes,No,Yes,No,Yes,39.2°C,86,Porcine Respiratory Disease Complex
Dog,Golden Retriever,7,Male,30.0,Coughing,Loss of Appetite,Lethargy,Fever,5 days,Yes,Yes,Yes,Yes,Yes,No,Yes,No,No,39.0°C,130,Canine Distemper
Cat,Persian,6,Female,4.2,Nasal Discharge,Loss of Appetite,Lethargy,Fever,5 days,Yes,Yes,No,Yes,No,No,Yes,Yes,No,39.1°C,148,Feline Coronavirus
Horse,Standardbred,6,Male,650.0,Lameness,Swollen Legs,Loss of Appetite,Fever,6 days,Yes,No,Yes,No,Yes,Yes,Yes,No,Yes,39.4°C,80,Equine Influenza
Cow,Charolais,3,Male,700.0,Coughing,Loss of Appetite,Lethargy,Fever,5 days,Yes,Yes,No,No,Yes,Yes,No,Yes,Yes,39.2°C,77,Bovine Tuberculosis
Dog,Poodle,3,Female,20.0,Vomiting,Diarrhea,Lethargy,Fever,4 days,Yes,No,Yes,No,Yes,Yes,Yes,No,Yes,39.0°C,120,Parvovirus
Cat,Maine Coon,5,Male,8.5,Coughing,Loss of Appetite,Lethargy,Fever,3 days,Yes,Yes,No,Yes,Yes,No,Yes,No,Yes,39.1°C,145,Feline Upper Respiratory Infection
Horse,Clydesdale,7,Female,850.0,Lameness,Swollen Legs,Loss of Appetite,Fever,6 days,Yes,No,Yes,Yes,Yes,No,Yes,No,Yes,39.2°C,82,Equine Herpesvirus
Cow,Holstein,4,Male,700.0,Coughing,Loss of Appetite,Lethargy,Fever,5 days,Yes,Yes,No,No,Yes,No,Yes,No,Yes,39.3°C,77,Bovine Respiratory Disease
Rabbit,Dutch,2,Male,1.8,Sneezing,Nasal Discharge,Loss of Appetite,Fever,4 days,Yes,Yes,No,Yes,No,Yes,No,No,Yes,39.0°C,150,Rabbit Viral Hemorrhagic Disease
Sheep,Southdown,6,Female,80.0,Coughing,Loss of Appetite,Lethargy,Fever,5 days,Yes,No,Yes,Yes,No,Yes,Yes,No,No,39.3°C,74,Contagious Ecthyma
Goat,Nubian,4,Male,72.0,Vomiting,Loss of Appetite,Lethargy,Fever,6 days,Yes,Yes,No,Yes,Yes,No,Yes,No,Yes,39.6°C,80,Pneumonia
Pig,Berkshire,5,Female,110.0,Coughing,Loss of Appetite,Nasal Discharge,Fever,5 days,Yes,No,Yes,Yes,Yes,No,Yes,No,Yes,39.2°C,85,Swine Influenza
Dog,German Shepherd,4,Male,32.0,Lethargy,Vomiting,Loss of Appetite,Fever,3 days,Yes,Yes,No,Yes,Yes,Yes,Yes,No,No,39.1°C,130,Canine Hepatitis
Cat,Sphynx,3,Female,5.0,Nasal Discharge,Loss of Appetite,Coughing,Fever,4 days,Yes,No,Yes,No,Yes,Yes,No,Yes,Yes,39.0°C,155,Feline Rhinotracheitis
Horse,Andalusian,8,Male,550.0,Lameness,Swollen Legs,Loss of Appetite,Fever,7 days,Yes,No,Yes,Yes,No,Yes,Yes,No,Yes,39.4°C,88,Equine Encephalomyelitis
Cow,Guernsey,5,Female,450.0,Coughing,Loss of Appetite,Lethargy,Fever,4 days,Yes,No,Yes,No,Yes,Yes,Yes,Yes,No,39.0°C,78,Bovine Parainfluenza
Rabbit,English Angora,3,Male,1.4,Sneezing,Nasal Discharge,Loss of Appetite,Fever,4 days,Yes,Yes,No,Yes,Yes,Yes,No,Yes,No,38.9°C,148,Pasteurellosis
Sheep,Tunis,4,Male,95.0,Swollen Joints,Coughing,Loss of Appetite,Lethargy,5 days,Yes,Yes,No,Yes,No,Yes,Yes,No,No,39.2°C,76,Bluetongue Virus
Goat,Boer,6,Female,75.0,Vomiting,Loss of Appetite,Lethargy,Fever,6 days,Yes,Yes,No,Yes,Yes,No,Yes,Yes,Yes,39.7°C,82,Caprine Viral Arthritis
Pig,Large White,4,Male,120.0,Coughing,Loss of Appetite,Lethargy,Fever,6 days,Yes,No,Yes,Yes,Yes,Yes,No,Yes,No,39.1°C,86,Actinobacillus Pleuropneumonia
Dog,Bulldog,3,Female,25.0,Lethargy,Vomiting,Loss of Appetite,Fever,4 days,Yes,No,Yes,Yes,Yes,Yes,Yes,No,Yes,39.2°C,125,Canine Leptospirosis
Cat,Russian Blue,2,Male,6.0,Nasal Discharge,Loss of Appetite,Coughing,Fever,3 days,Yes,Yes,Yes,Yes,No,Yes,Yes,No,Yes,39.0°C,145,Feline Asthma
Horse,Thoroughbred,6,Female,650.0,Lameness,Swollen Legs,Loss of Appetite,Fever,6 days,Yes,No,Yes,No,Yes,No,Yes,Yes,No,39.3°C,84,Equine Influenza Virus
Cow,Red Poll,4,Male,680.0,Coughing,Loss of Appetite,Lethargy,Fever,6 days,Yes,Yes,No,No,Yes,No,Yes,Yes,Yes,39.4°C,77,Bovine Tuberculosis
Rabbit,Himalayan,2,Female,1.1,Sneezing,Loss of Appetite,Nasal Discharge,Fever,3 days,Yes,No,Yes,Yes,No,Yes,Yes,No,Yes,38.8°C,150,Rabbit Calicivirus
Sheep,Romney,5,Female,90.0,Coughing,Loss of Appetite,Lethargy,Fever,4 days,Yes,No,Yes,Yes,No,Yes,Yes,Yes,No,39.1°C,75,Maedi-Visna
Goat,Alpine,5,Male,80.0,Vomiting,Diarrhea,Loss of Appetite,Fever,4 days,Yes,Yes,No,Yes,No,Yes,Yes,Yes,Yes,39.5°C,80,Caseous Lymphadenitis
Pig,Pietrain,4,Female,130.0,Coughing,Loss of Appetite,Lethargy,Nasal Discharge,6 days,Yes,Yes,No,Yes,No,Yes,No,Yes,Yes,39.2°C,88,Swine Erysipelas
Dog,Beagle,5,Male,25.0,Coughing,Loss of Appetite,Lethargy,Fever,5 days,Yes,Yes,No,No,Yes,Yes,Yes,No,Yes,39.2°C,120,Kennel Cough
Cat,Bengal,3,Female,6.0,Nasal Discharge,Loss of Appetite,Coughing,Fever,4 days,Yes,Yes,Yes,Yes,No,Yes,Yes,No,Yes,39.1°C,145,Feline Herpesvirus
Horse,Appaloosa,9,Male,550.0,Lameness,Loss of Appetite,Swollen Legs,Fever,7 days,Yes,Yes,No,Yes,No,Yes,Yes,Yes,Yes,39.4°C,80,Equine Infectious Anemia
Cow,Jersey,6,Female,500.0,Coughing,Loss of Appetite,Lethargy,Fever,5 days,Yes,No,Yes,No,Yes,Yes,Yes,No,Yes,39.2°C,75,Bovine Viral Diarrhea
Rabbit,English Lop,3,Male,2.0,Sneezing,Nasal Discharge,Loss of Appetite,Fever,4 days,Yes,Yes,No,Yes,Yes,Yes,Yes,No,No,39.0°C,155,Myxomatosis
Sheep,Blackface,4,Male,95.0,Coughing,Loss of Appetite,Lethargy,Fever,6 days,Yes,No,Yes,No,Yes,Yes,No,Yes,No,39.3°C,77,Blue Tongue Disease
Goat,Saanen,5,Female,85.0,Vomiting,Diarrhea,Lethargy,Fever,6 days,Yes,Yes,No,Yes,No,Yes,Yes,Yes,No,39.6°C,85,Caprine Arthritis Encephalitis
Pig,Landrace,6,Male,120.0,Coughing,Loss of Appetite,Nasal Discharge,Fever,5 days,Yes,No,Yes,Yes,No,No,Yes,Yes,No,39.1°C,95,Actinobacillus Pleuropneumonia
Dog,Chihuahua,4,Female,5.0,Lethargy,Vomiting,Loss of Appetite,Fever,3 days,Yes,Yes,No,Yes,Yes,Yes,Yes,No,No,39.1°C,110,Canine Parvovirus
Cat,Siberian,7,Male,10.2,Nasal Discharge,Loss of Appetite,Coughing,Fever,5 days,Yes,Yes,Yes,Yes,No,No,Yes,Yes,No,39.0°C,135,Feline Asthma
Horse,Clydesdale,7,Female,800.0,Lameness,Swollen Legs,Loss of Appetite,Fever,6 days,Yes,Yes,No,Yes,Yes,Yes,Yes,Yes,Yes,39.5°C,85,Equine Leptospirosis
Cow,Ayrshire,5,Male,720.0,Coughing,Loss of Appetite,Lethargy,Fever,4 days,Yes,Yes,No,No,Yes,Yes,Yes,No,Yes,39.3°C,82,Bovine Tuberculosis
Rabbit,Himalayan,4,Female,1.6,Sneezing,Loss of Appetite,Nasal Discharge,Fever,5 days,Yes,No,Yes,No,Yes,Yes,Yes,No,Yes,39.0°C,145,Pasteurellosis
Sheep,Suffolk,4,Male,85.0,Coughing,Loss of Appetite,Lethargy,Fever,5 days,Yes,Yes,No,Yes,No,No,Yes,Yes,No,39.4°C,78,Contagious Abortion
Goat,Nubian,6,Female,95.0,Vomiting,Diarrhea,Lethargy,Fever,6 days,Yes,Yes,No,Yes,No,Yes,Yes,Yes,Yes,39.8°C,80,Pneumonia
Pig,Duroc,3,Male,110.0,Coughing,Loss of Appetite,Lethargy,Fever,5 days,Yes,Yes,No,Yes,Yes,No,Yes,No,Yes,39.2°C,100,Swine Dysentery
Dog,Boxer,6,Female,30.0,Lethargy,Vomiting,Loss of Appetite,Fever,4 days,Yes,Yes,No,Yes,Yes,Yes,Yes,No,Yes,39.1°C,115,Canine Leptospirosis
Cat,Abyssinian,5,Male,4.5,Coughing,Loss of Appetite,Nasal Discharge,Fever,3 days,Yes,No,Yes,No,Yes,Yes,Yes,No,Yes,39.0°C,140,Feline Respiratory Disease Complex
Horse,Morgan,5,Male,550.0,Lameness,Loss of Appetite,Swollen Legs,Fever,6 days,Yes,Yes,No,Yes,Yes,No,Yes,Yes,Yes,39.2°C,80,Equine Herpesvirus
Cow,Belted Galloway,4,Female,650.0,Coughing,Loss of Appetite,Lethargy,Fever,4 days,Yes,Yes,Yes,No,Yes,Yes,Yes,No,Yes,39.4°C,75,Bovine Tuberculosis
Rabbit,Dutch,3,Male,2.0,Sneezing,Loss of Appetite,Nasal Discharge,Fever,4 days,Yes,Yes,No,Yes,Yes,Yes,Yes,No,Yes,39.1°C,150,Rabbit Hemorrhagic Disease
Sheep,Cheviot,3,Female,75.0,Coughing,Loss of Appetite,Lethargy,Fever,5 days,Yes,Yes,No,Yes,No,No,Yes,Yes,No,39.3°C,77,Foot-and-Mouth Disease
Goat,Angora,4,Male,90.0,Vomiting,Diarrhea,Lethargy,Fever,5 days,Yes,Yes,Yes,No,Yes,No,Yes,No,Yes,39.6°C,82,Caprine Arthritis
Pig,Large White,5,Female,130.0,Coughing,Loss of Appetite,Lethargy,Fever,6 days,Yes,No,Yes,Yes,Yes,Yes,Yes,No,Yes,39.0°C,90,Swine Flu
Dog,Yorkshire Terrier,4,Male,8.0,Lethargy,Vomiting,Loss of Appetite,Fever,3 days,Yes,Yes,No,Yes,Yes,No,Yes,No,Yes,39.2°C,100,Canine Heartworm Disease
Cat,Maine Coon,6,Female,10.0,Coughing,Loss of Appetite,Nasal Discharge,Fever,4 days,Yes,Yes,Yes,No,Yes,Yes,Yes,Yes,Yes,39.1°C,145,Feline Leukemia
Horse,Thoroughbred,6,Male,550.0,Lameness,Loss of Appetite,Swollen Legs,Fever,5 days,Yes,No,No,Yes,Yes,Yes,Yes,Yes,Yes,39.5°C,78,Equine Influenza
Dog,Rottweiler,7,Male,35.0,Coughing,Loss of Appetite,Lethargy,Fever,4 days,Yes,No,No,Yes,Yes,Yes,Yes,Yes,Yes,39.3°C,110,Kennel Cough
Cat,Persian,4,Female,7.0,Vomiting,Loss of Appetite,Lethargy,Fever,5 days,Yes,Yes,No,Yes,Yes,Yes,Yes,No,Yes,39.1°C,125,Feline Infectious Peritonitis
Horse,Clydesdale,10,Female,750.0,Lameness,Swollen Legs,Loss of Appetite,Fever,6 days,Yes,Yes,Yes,No,No,Yes,Yes,Yes,Yes,39.4°C,90,Equine Encephalomyelitis
Cow,Holstein,8,Male,650.0,Coughing,Loss of Appetite,Lethargy,Fever,4 days,Yes,No,Yes,No,Yes,Yes,Yes,No,Yes,39.5°C,80,Bovine Respiratory Disease Complex
Rabbit,Himalayan,3,Male,1.8,Sneezing,Nasal Discharge,Loss of Appetite,Fever,4 days,Yes,Yes,No,Yes,No,Yes,Yes,No,Yes,39.0°C,140,Rabbit Viral Hemorrhagic Disease
Sheep,Rambouillet,5,Female,90.0,Coughing,Loss of Appetite,Lethargy,Fever,5 days,Yes,Yes,No,Yes,Yes,Yes,No,No,Yes,39.3°C,78,Scrapie
Goat,Boer,6,Male,100.0,Vomiting,Diarrhea,Lethargy,Fever,5 days,Yes,Yes,No,Yes,No,Yes,Yes,Yes,Yes,39.6°C,85,Pneumonia
Pig,Berkshire,4,Female,120.0,Coughing,Loss of Appetite,Lethargy,Fever,6 days,Yes,Yes,No,Yes,No,Yes,Yes,Yes,Yes,39.2°C,100,Swine Fever
Dog,Golden Retriever,5,Male,40.0,Vomiting,Loss of Appetite,Lethargy,Fever,5 days,Yes,Yes,No,Yes,No,Yes,Yes,No,No,39.2°C,130,Canine Parvovirus
Cat,Bengal,3,Female,8.0,Nasal Discharge,Loss of Appetite,Coughing,Fever,4 days,Yes,Yes,No,Yes,No,Yes,Yes,No,Yes,39.0°C,145,Feline Panleukopenia
Horse,Arabian,7,Male,450.0,Lameness,Swollen Legs,Loss of Appetite,Fever,6 days,Yes,Yes,Yes,No,Yes,No,Yes,Yes,Yes,39.4°C,85,Equine Protozoal Myeloencephalitis
Cow,Jersey,6,Female,550.0,Coughing,Loss of Appetite,Lethargy,Fever,5 days,Yes,No,Yes,No,Yes,Yes,No,Yes,No,39.6°C,70,Johne's Disease
Rabbit,English Angora,2,Male,1.9,Sneezing,Loss of Appetite,Nasal Discharge,Fever,3 days,Yes,Yes,No,Yes,Yes,Yes,No,No,Yes,39.1°C,150,Ringworm
Sheep,Suffolk,4,Male,110.0,Coughing,Loss of Appetite,Lethargy,Fever,6 days,Yes,Yes,No,Yes,No,Yes,No,Yes,Yes,39.3°C,77,Bluetongue
Goat,Nubian,7,Female,120.0,Vomiting,Diarrhea,Lethargy,Fever,5 days,Yes,Yes,No,Yes,No,Yes,Yes,Yes,No,39.7°C,85,Foot-and-Mouth Disease
Pig,Tamworth,5,Male,150.0,Coughing,Loss of Appetite,Lethargy,Fever,5 days,Yes,No,Yes,Yes,Yes,Yes,Yes,Yes,No,39.3°C,92,Actinobacillus Pleuropneumonia
Dog,Beagle,4,Female,25.0,Lethargy,Vomiting,Loss of Appetite,Fever,4 days,Yes,Yes,No,Yes,Yes,Yes,No,Yes,Yes,39.2°C,120,Distemper
Cat,Siberian,5,Male,11.0,Coughing,Loss of Appetite,Nasal Discharge,Fever,4 days,Yes,Yes,No,Yes,Yes,Yes,Yes,No,Yes,39.2°C,140,Feline Leukemia Virus
Horse,Pinto,6,Male,600.0,Lameness,Loss of Appetite,Swollen Legs,Fever,5 days,Yes,Yes,No,Yes,No,Yes,Yes,Yes,Yes,39.5°C,88,Equine Influenza
Cow,Ayrshire,7,Female,550.0,Coughing,Loss of Appetite,Lethargy,Fever,6 days,Yes,No,Yes,Yes,Yes,Yes,Yes,No,Yes,39.4°C,75,Bovine Johne's Disease
Rabbit,Mini Rex,2,Female,1.5,Sneezing,Loss of Appetite,Nasal Discharge,Fever,3 days,Yes,Yes,Yes,No,Yes,No,Yes,No,Yes,39.1°C,130,Pneumonia
Sheep,Dorper,4,Male,95.0,Coughing,Loss of Appetite,Lethargy,Fever,6 days,Yes,Yes,No,Yes,No,Yes,Yes,No,No,39.3°C,78,Contagious Ecthyma
Goat,Saanen,8,Female,110.0,Vomiting,Diarrhea,Lethargy,Fever,6 days,Yes,Yes,Yes,No,Yes,Yes,No,No,Yes,39.8°C,85,Caprine Arthritis Encephalitis
Pig,Landrace,6,Female,130.0,Coughing,Loss of Appetite,Lethargy,Fever,5 days,Yes,Yes,No,Yes,Yes,No,Yes,Yes,No,39.2°C,110,Swine Influenza
Dog,Chihuahua,3,Male,6.0,Lethargy,Vomiting,Loss of Appetite,Fever,5 days,Yes,No,No,Yes,Yes,Yes,Yes,Yes,No,39.3°C,135,Parvovirus
Cat,Burmese,4,Female,7.5,Coughing,Loss of Appetite,Nasal Discharge,Fever,5 days,Yes,Yes,No,Yes,Yes,No,Yes,Yes,Yes,39.0°C,140,Feline Chlamydiosis
Horse,Appaloosa,8,Male,700.0,Lameness,Loss of Appetite,Swollen Legs,Fever,7 days,Yes,No,Yes,Yes,Yes,No,Yes,Yes,Yes,39.3°C,82,West Nile Virus
Cow,Guernsey,5,Female,600.0,Coughing,Loss of Appetite,Lethargy,Fever,5 days,Yes,No,No,Yes,Yes,Yes,No,Yes,Yes,39.6°C,85,Bovine Tuberculosis
Dog,Poodle,3,Female,28.0,Coughing,Loss of Appetite,Lethargy,Fever,5 days,Yes,Yes,No,Yes,Yes,Yes,Yes,No,Yes,39.1°C,120,Kennel Cough
Cat,Maine Coon,4,Male,10.0,Vomiting,Loss of Appetite,Lethargy,Fever,5 days,Yes,Yes,Yes,Yes,No,Yes,Yes,Yes,No,39.0°C,140,Feline Leukemia Virus
Horse,Thoroughbred,5,Female,550.0,Lameness,Swollen Legs,Loss of Appetite,Fever,6 days,Yes,Yes,Yes,Yes,No,No,Yes,Yes,Yes,39.5°C,100,Equine Influenza
Cow,Charolais,8,Male,700.0,Coughing,Loss of Appetite,Lethargy,Fever,5 days,Yes,Yes,No,No,Yes,Yes,Yes,No,Yes,39.2°C,75,Bovine Respiratory Disease
Rabbit,Holland Lop,2,Male,1.5,Sneezing,Nasal Discharge,Loss of Appetite,Fever,4 days,Yes,Yes,No,Yes,Yes,Yes,No,Yes,Yes,39.3°C,130,Pasteurellosis
Sheep,Blackface,6,Male,95.0,Coughing,Loss of Appetite,Lethargy,Fever,5 days,Yes,Yes,Yes,No,Yes,Yes,Yes,Yes,No,39.4°C,80,Foot-and-Mouth Disease
Goat,Kiko,4,Female,90.0,Vomiting,Diarrhea,Lethargy,Fever,5 days,Yes,No,Yes,Yes,No,Yes,Yes,No,Yes,39.6°C,85,Caprine Arthritis Encephalitis
Pig,Large White,3,Female,120.0,Coughing,Loss of Appetite,Lethargy,Fever,4 days,Yes,Yes,No,Yes,Yes,No,Yes,Yes,No,39.1°C,95,Swine Influenza
Dog,Beagle,4,Male,20.0,Lethargy,Vomiting,Loss of Appetite,Fever,4 days,Yes,No,Yes,Yes,No,Yes,Yes,Yes,Yes,39.2°C,130,Canine Distemper
Cat,Siamese,3,Female,7.0,Coughing,Loss of Appetite,Nasal Discharge,Fever,3 days,Yes,Yes,No,Yes,Yes,Yes,Yes,Yes,Yes,39.0°C,140,Feline Infectious Peritonitis
Horse,Clydesdale,8,Male,800.0,Lameness,Swollen Legs,Loss of Appetite,Fever,6 days,Yes,Yes,Yes,Yes,No,Yes,Yes,Yes,Yes,39.6°C,85,Equine Encephalomyelitis
Cow,Simmental,7,Female,650.0,Coughing,Loss of Appetite,Lethargy,Fever,5 days,Yes,No,Yes,No,Yes,No,Yes,Yes,Yes,39.3°C,75,Bovine Tuberculosis
Rabbit,Mini Lop,1,Female,1.3,Sneezing,Nasal Discharge,Loss of Appetite,Fever,3 days,Yes,Yes,No,No,Yes,Yes,No,Yes,Yes,39.1°C,140,Myxomatosis
Sheep,Texel,5,Male,110.0,Coughing,Loss of Appetite,Lethargy,Fever,6 days,Yes,Yes,Yes,Yes,Yes,Yes,No,Yes,No,39.4°C,70,Scrapie
Goat,Angora,7,Female,100.0,Vomiting,Diarrhea,Lethargy,Fever,5 days,Yes,Yes,Yes,No,Yes,No,Yes,Yes,Yes,39.7°C,80,Pneumonia
Pig,Landrace,5,Male,130.0,Coughing,Loss of Appetite,Lethargy,Fever,4 days,Yes,No,Yes,Yes,Yes,Yes,Yes,No,Yes,39.2°C,90,Actinobacillus Pleuropneumonia
Dog,Dachshund,3,Female,12.0,Lethargy,Vomiting,Loss of Appetite,Fever,4 days,Yes,Yes,No,Yes,No,Yes,Yes,Yes,No,39.0°C,115,Canine Parvovirus
Cat,Bengal,4,Male,10.0,Vomiting,Loss of Appetite,Lethargy,Fever,4 days,Yes,Yes,No,Yes,No,Yes,Yes,No,Yes,39.2°C,145,Feline Panleukopenia
Horse,Arabian,6,Male,500.0,Lameness,Swollen Legs,Loss of Appetite,Fever,6 days,Yes,No,Yes,No,Yes,Yes,No,Yes,No,39.3°C,85,Equine Protozoal Myeloencephalitis
Cow,Jersey,6,Male,550.0,Coughing,Loss of Appetite,Lethargy,Fever,6 days,Yes,Yes,No,Yes,Yes,Yes,No,No,Yes,39.5°C,70,Bovine Johne's Disease
Rabbit,Himalayan,2,Male,1.8,Sneezing,Loss of Appetite,Nasal Discharge,Fever,4 days,Yes,Yes,Yes,Yes,No,Yes,Yes,Yes,Yes,39.2°C,130,Rabbit Viral Hemorrhagic Disease
Sheep,Rambouillet,6,Female,90.0,Coughing,Loss of Appetite,Lethargy,Fever,6 days,Yes,Yes,No,Yes,No,Yes,Yes,Yes,No,39.6°C,80,Bluetongue
Goat,Boer,7,Female,120.0,Vomiting,Diarrhea,Lethargy,Fever,5 days,Yes,Yes,No,Yes,Yes,No,Yes,Yes,Yes,39.5°C,90,Foot-and-Mouth Disease
Pig,Tamworth,4,Female,150.0,Coughing,Loss of Appetite,Lethargy,Fever,5 days,Yes,No,Yes,Yes,Yes,Yes,No,Yes,Yes,39.4°C,85,Swine Erysipelas
Dog,Bulldog,5,Female,22.0,Coughing,Lethargy,Loss of Appetite,Fever,5 days,Yes,Yes,Yes,No,Yes,Yes,Yes,No,Yes,39.3°C,120,Canine Cough
Horse,Quarter Horse,7,Male,550.0,Lameness,Swollen Legs,Loss of Appetite,Fever,6 days,Yes,No,Yes,No,Yes,Yes,Yes,No,Yes,39.4°C,110,Equine Infectious Anemia
Cow,Holstein,8,Female,750.0,Coughing,Loss of Appetite,Lethargy,Fever,7 days,Yes,Yes,Yes,Yes,No,Yes,No,Yes,Yes,39.5°C,85,Bovine Respiratory Disease Complex
Rabbit,English Angora,1,Female,2.0,Sneezing,Loss of Appetite,Nasal Discharge,Fever,5 days,Yes,Yes,Yes,Yes,No,Yes,Yes,No,Yes,39.2°C,120,Respiratory Infection
Sheep,Cheviot,4,Male,85.0,Coughing,Loss of Appetite,Lethargy,Fever,5 days,Yes,Yes,Yes,Yes,No,Yes,Yes,Yes,Yes,39.3°C,95,Blue Tongue Virus
Goat,Saanen,2,Male,85.0,Vomiting,Diarrhea,Lethargy,Fever,5 days,Yes,Yes,No,No,Yes,Yes,Yes,No,Yes,39.6°C,90,Caprine Arthritis Encephalitis Virus
Pig,Pietrain,3,Female,135.0,Coughing,Loss of Appetite,Lethargy,Fever,5 days,Yes,No,Yes,Yes,Yes,Yes,Yes,No,Yes,39.4°C,95,African Swine Fever
Dog,Shih Tzu,4,Male,8.0,Lethargy,Vomiting,Loss of Appetite,Fever,4 days,Yes,Yes,Yes,Yes,No,No,Yes,No,Yes,39.2°C,115,Parvovirus
Cat,Abyssinian,2,Female,6.0,Coughing,Loss of Appetite,Nasal Discharge,Fever,4 days,Yes,Yes,No,Yes,No,Yes,No,Yes,Yes,39.1°C,140,Feline Infectious Peritonitis
Horse,Morgan,9,Male,600.0,Lameness,Swollen Legs,Loss of Appetite,Fever,6 days,Yes,Yes,Yes,Yes,Yes,No,Yes,Yes,Yes,39.5°C,80,West Nile Virus
Cow,Angus,5,Female,650.0,Coughing,Loss of Appetite,Lethargy,Fever,5 days,Yes,Yes,Yes,Yes,Yes,Yes,Yes,No,Yes,39.3°C,75,Bovine Tuberculosis
Rabbit,Himalayan,2,Male,1.5,Sneezing,Loss of Appetite,Nasal Discharge,Fever,4 days,Yes,Yes,Yes,Yes,Yes,Yes,No,Yes,Yes,39.2°C,130,Viral Hemorrhagic Disease
Sheep,Suffolk,6,Female,120.0,Coughing,Loss of Appetite,Lethargy,Fever,5 days,Yes,Yes,Yes,Yes,Yes,Yes,Yes,Yes,No,39.5°C,80,Scrapie Disease
Goat,Toggenburg,5,Female,75.0,Vomiting,Diarrhea,Lethargy,Fever,5 days,Yes,Yes,Yes,Yes,No,Yes,Yes,Yes,Yes,39.7°C,85,Pneumonia
Pig,Landrace,6,Male,140.0,Coughing,Loss of Appetite,Lethargy,Fever,6 days,Yes,Yes,No,No,Yes,Yes,Yes,Yes,Yes,39.5°C,90,Swine Influenza
Dog,Cocker Spaniel,2,Female,10.0,Lethargy,Vomiting,Loss of Appetite,Fever,3 days,Yes,No,Yes,Yes,Yes,No,Yes,Yes,Yes,39.0°C,125,Distemper
Cat,Ragdoll,5,Male,8.0,Coughing,Loss of Appetite,Nasal Discharge,Fever,4 days,Yes,Yes,No,Yes,Yes,Yes,Yes,Yes,Yes,39.2°C,145,Feline Leukemia Virus
Horse,Clydesdale,7,Male,700.0,Lameness,Swollen Legs,Loss of Appetite,Fever,6 days,Yes,Yes,Yes,Yes,Yes,No,Yes,Yes,Yes,39.6°C,85,Equine Encephalitis
Cow,Limousin,6,Male,650.0,Coughing,Loss of Appetite,Lethargy,Fever,5 days,Yes,Yes,No,Yes,Yes,Yes,Yes,No,Yes,39.5°C,80,Bovine Respiratory Disease Complex
Rabbit,Mini Rex,1,Female,1.2,Sneezing,Nasal Discharge,Loss of Appetite,Fever,3 days,Yes,Yes,Yes,No,Yes,No,Yes,No,Yes,39.0°C,130,Rabbit Hemorrhagic Disease
Sheep,Merino,7,Male,90.0,Coughing,Loss of Appetite,Lethargy,Fever,6 days,Yes,Yes,Yes,Yes,Yes,Yes,Yes,Yes,Yes,39.4°C,90,Bluetongue
Goat,Alpine,6,Male,110.0,Vomiting,Diarrhea,Lethargy,Fever,5 days,Yes,Yes,Yes,Yes,No,Yes,Yes,No,Yes,39.6°C,90,Caprine Arthritis Encephalitis Virus
Pig,Berkshire,4,Female,120.0,Coughing,Loss of Appetite,Lethargy,Fever,5 days,Yes,Yes,No,Yes,Yes,Yes,Yes,Yes,Yes,39.4°C,85,Swine Erysipelas
Dog,Rottweiler,3,Female,30.0,Lethargy,Vomiting,Loss of Appetite,Fever,5 days,Yes,Yes,Yes,Yes,Yes,Yes,Yes,Yes,Yes,39.2°C,120,Leptospirosis
Cat,Bengal,4,Male,7.0,Coughing,Loss of Appetite,Nasal Discharge,Fever,5 days,Yes,Yes,No,Yes,No,Yes,No,Yes,Yes,39.1°C,135,Feline Immunodeficiency Virus
Horse,Thoroughbred,5,Male,550.0,Lameness,Swollen Legs,Loss of Appetite,Fever,6 days,Yes,Yes,No,Yes,No,Yes,Yes,Yes,Yes,39.5°C,110,Equine Infectious Anemia
Cow,Jersey,3,Female,600.0,Coughing,Loss of Appetite,Lethargy,Fever,5 days,Yes,No,Yes,Yes,Yes,No,No,Yes,Yes,39.4°C,95,Bovine Respiratory Disease
Sheep,Dorset,6,Male,120.0,Coughing,Loss of Appetite,Lethargy,Fever,7 days,Yes,Yes,Yes,No,Yes,Yes,Yes,Yes,No,39.5°C,85,Scrapie
Goat,Nubian,2,Female,80.0,Vomiting,Diarrhea,Lethargy,Fever,4 days,Yes,Yes,Yes,Yes,No,Yes,No,No,Yes,39.7°C,90,Caprine Arthritis Encephalitis
Pig,Tamworth,3,Male,160.0,Coughing,Loss of Appetite,Lethargy,Fever,6 days,Yes,Yes,Yes,Yes,Yes,No,Yes,No,Yes,39.5°C,105,Swine Influenza
Horse,Clydesdale,6,Male,700.0,Lameness,Swollen Legs,Loss of Appetite,Fever,7 days,Yes,Yes,Yes,No,Yes,Yes,Yes,Yes,Yes,39.6°C,115,Equine Herpesvirus
Cow,Angus,4,Female,650.0,Coughing,Loss of Appetite,Lethargy,Fever,6 days,Yes,Yes,No,Yes,Yes,No,Yes,Yes,Yes,39.5°C,90,Bovine Tuberculosis
Rabbit,Himalayan,2,Male,1.6,Sneezing,Loss of Appetite,Nasal Discharge,Fever,4 days,Yes,Yes,Yes,Yes,Yes,Yes,No,Yes,Yes,39.2°C,130,Rabbit Hemorrhagic Disease
Sheep,Suffolk,7,Male,130.0,Coughing,Loss of Appetite,Lethargy,Fever,6 days,Yes,Yes,Yes,Yes,Yes,Yes,No,Yes,No,39.3°C,85,Bluetongue Virus
Goat,Alpine,3,Female,75.0,Vomiting,Diarrhea,Lethargy,Fever,4 days,Yes,Yes,Yes,Yes,Yes,Yes,Yes,Yes,Yes,39.7°C,95,Caprine Arthritis Encephalitis
Pig,Berkshire,5,Male,140.0,Coughing,Loss of Appetite,Lethargy,Fever,5 days,Yes,No,Yes,Yes,Yes,Yes,Yes,No,Yes,39.5°C,100,African Swine Fever
Dog,Chihuahua,2,Male,6.0,Lethargy,Vomiting,Loss of Appetite,Fever,3 days,Yes,Yes,Yes,No,No,Yes,Yes,No,Yes,39.3°C,130,Canine Distemper
Cat,Maine Coon,6,Male,9.0,Coughing,Loss of Appetite,Nasal Discharge,Fever,5 days,Yes,Yes,No,Yes,Yes,Yes,No,Yes,Yes,39.4°C,140,Feline Herpesvirus
Horse,Arabian,7,Female,550.0,Lameness,Swollen Legs,Loss of Appetite,Fever,7 days,Yes,Yes,Yes,Yes,No,Yes,Yes,Yes,Yes,39.7°C,100,Equine Infectious Anemia
Cow,Charolais,8,Female,750.0,Coughing,Loss of Appetite,Lethargy,Fever,6 days,Yes,Yes,No,Yes,Yes,Yes,Yes,No,Yes,39.3°C,80,Bovine Respiratory Disease
Rabbit,Dutch,1,Female,1.4,Sneezing,Loss of Appetite,Nasal Discharge,Fever,3 days,Yes,Yes,Yes,No,Yes,Yes,Yes,Yes,Yes,39.2°C,130,Rabbit Viral Hemorrhagic Disease
Sheep,Hampshire,6,Male,125.0,Coughing,Loss of Appetite,Lethargy,Fever,7 days,Yes,Yes,Yes,Yes,Yes,Yes,Yes,Yes,Yes,39.6°C,85,Scrapie Disease
Goat,Nubian,4,Male,80.0,Vomiting,Diarrhea,Lethargy,Fever,5 days,Yes,Yes,No,Yes,No,Yes,Yes,Yes,No,39.6°C,90,Caprine Respiratory Disease
Pig,Large White,6,Female,130.0,Coughing,Loss of Appetite,Lethargy,Fever,6 days,Yes,Yes,No,Yes,Yes,Yes,Yes,No,Yes,39.4°C,95,Swine Fever
Dog,Beagle,2,Male,10.0,Lethargy,Vomiting,Loss of Appetite,Fever,4 days,Yes,Yes,Yes,Yes,No,Yes,Yes,No,Yes,39.4°C,120,Canine Leptospirosis
Cat,Persian,4,Female,7.0,Coughing,Loss of Appetite,Nasal Discharge,Fever,5 days,Yes,Yes,Yes,No,Yes,No,Yes,No,Yes,39.0°C,130,Feline Asthma
Horse,Percheron,5,Male,680.0,Lameness,Swollen Legs,Loss of Appetite,Fever,5 days,Yes,Yes,Yes,Yes,Yes,No,Yes,Yes,Yes,39.4°C,105,Equine Laminitis
Cow,Holstein,3,Male,700.0,Coughing,Loss of Appetite,Lethargy,Fever,6 days,Yes,Yes,Yes,Yes,No,Yes,Yes,No,Yes,39.2°C,90,Bovine Mastitis
Cow,Guernsey,3,Male,580.0,Coughing,Loss of Appetite,Lethargy,Fever,4 days,Yes,Yes,Yes,Yes,No,Yes,Yes,No,Yes,39.4°C,85,Bovine Respiratory Disease
Sheep,Dorset,4,Male,125.0,Coughing,Loss of Appetite,Lethargy,Fever,5 days,Yes,Yes,No,Yes,Yes,No,No,Yes,Yes,39.3°C,80,Scrapie
Goat,Saanen,3,Female,75.0,Vomiting,Diarrhea,Lethargy,Fever,5 days,Yes,Yes,Yes,No,Yes,No,Yes,Yes,Yes,39.5°C,90,Caprine Arthritis Encephalitis
Pig,Landrace,4,Male,130.0,Coughing,Loss of Appetite,Lethargy,Fever,6 days,Yes,Yes,Yes,Yes,No,Yes,No,No,Yes,39.6°C,100,Swine Flu
Sheep,Cheviot,3,Female,110.0,Coughing,Loss of Appetite,Lethargy,Fever,4 days,Yes,Yes,No,Yes,Yes,No,No,Yes,No,39.4°C,80,Bluetongue
Goat,Boer,5,Male,85.0,Vomiting,Diarrhea,Lethargy,Fever,5 days,Yes,Yes,Yes,No,Yes,No,Yes,Yes,Yes,39.6°C,95,Goat Pox
Pig,Yorkshire,2,Female,120.0,Coughing,Loss of Appetite,Lethargy,Fever,4 days,Yes,Yes,Yes,No,Yes,Yes,Yes,Yes,Yes,39.5°C,105,Porcine Epidemic Diarrhea Virus
Horse,Morgan,4,Male,650.0,Lameness,Swollen Legs,Loss of Appetite,Fever,6 days,Yes,Yes,Yes,No,Yes,Yes,Yes,Yes,Yes,39.6°C,120,Equine Herpesvirus
Cow,Ayrshire,3,Female,700.0,Coughing,Loss of Appetite,Lethargy,Fever,5 days,Yes,Yes,Yes,Yes,Yes,No,No,Yes,Yes,39.4°C,90,Bovine Respiratory Disease
Goat,Kiko,4,Female,70.0,Vomiting,Diarrhea,Lethargy,Fever,5 days,Yes,Yes,Yes,Yes,No,Yes,Yes,Yes,No,39.5°C,90,Caprine Arthritis Encephalitis
Pig,Chester White,3,Male,150.0,Coughing,Loss of Appetite,Lethargy,Fever,5 days,Yes,No,Yes,Yes,No,Yes,Yes,Yes,Yes,39.7°C,105,Swine Influenza
Dog,Boxer,3,Female,30.0,Lethargy,Vomiting,Loss of Appetite,Fever,4 days,Yes,Yes,Yes,Yes,Yes,No,Yes,No,Yes,39.3°C,120,Canine Infectious Hepatitis
Cat,Maine Coon,5,Male,8.0,Coughing,Loss of Appetite,Nasal Discharge,Fever,5 days,Yes,Yes,Yes,Yes,No,Yes,No,Yes,Yes,39.0°C,135,Feline Panleukopenia Virus
Horse,Arabian,6,Female,650.0,Lameness,Swollen Legs,Loss of Appetite,Fever,5 days,Yes,Yes,Yes,No,Yes,Yes,Yes,Yes,Yes,39.5°C,110,Equine Metabolic Syndrome
Cow,Jersey,2,Male,550.0,Coughing,Loss of Appetite,Lethargy,Fever,4 days,Yes,Yes,Yes,No,Yes,Yes,Yes,No,Yes,39.2°C,95,Bovine Mastitis
Cow,Simmental,4,Female,700.0,Coughing,Loss of Appetite,Lethargy,Fever,6 days,Yes,Yes,Yes,Yes,Yes,No,No,Yes,Yes,39.4°C,100,Bovine Respiratory Disease
Sheep,Suffolk,3,Male,110.0,Coughing,Loss of Appetite,Lethargy,Fever,5 days,Yes,Yes,Yes,Yes,No,Yes,No,Yes,No,39.3°C,80,Bluetongue
Goat,Toggenburg,2,Female,70.0,Vomiting,Diarrhea,Lethargy,Fever,4 days,Yes,Yes,Yes,Yes,No,Yes,Yes,Yes,No,39.4°C,90,Caprine Arthritis Encephalitis
Pig,Tamworth,3,Male,130.0,Coughing,Loss of Appetite,Lethargy,Fever,5 days,Yes,Yes,Yes,Yes,No,Yes,No,No,Yes,39.6°C,105,Swine Influenza
Cow,Dexter,2,Male,500.0,Coughing,Loss of Appetite,Lethargy,Fever,5 days,Yes,Yes,Yes,Yes,No,Yes,No,No,Yes,39.4°C,95,Bovine Tuberculosis
Sheep,Cheviot,4,Female,120.0,Coughing,Loss of Appetite,Lethargy,Fever,6 days,Yes,Yes,Yes,Yes,No,Yes,Yes,No,Yes,39.4°C,85,Scrapie
Goat,Alpine,3,Male,75.0,Vomiting,Diarrhea,Lethargy,Fever,5 days,Yes,Yes,Yes,No,Yes,No,Yes,Yes,No,39.5°C,100,Caprine Viral Arthritis
Pig,Large White,2,Female,120.0,Coughing,Loss of Appetite,Lethargy,Fever,5 days,Yes,Yes,Yes,Yes,No,Yes,Yes,No,Yes,39.6°C,110,Porcine Circovirus Disease
Goat,Nubian,4,Female,80.0,Vomiting,Diarrhea,Lethargy,Fever,6 days,Yes,Yes,Yes,Yes,No,Yes,Yes,No,Yes,39.5°C,95,Caprine Respiratory Disease
Pig,Berkshire,5,Male,145.0,Coughing,Loss of Appetite,Lethargy,Fever,4 days,Yes,Yes,Yes,Yes,Yes,Yes,No,No,Yes,39.7°C,110,Swine Fever
Sheep,Dorset,5,Male,150.0,Coughing,Loss of Appetite,Lethargy,Fever,5 days,Yes,Yes,Yes,Yes,No,Yes,No,No,Yes,39.5°C,90,Scrapie
Sheep,Southdown,6,Male,130.0,Coughing,Loss of Appetite,Lethargy,Fever,5 days,Yes,Yes,Yes,Yes,No,Yes,Yes,No,Yes,39.3°C,80,Foot-and-Mouth Disease
Dog,Golden Retriever,5,Male,35.0,Coughing,Lethargy,Loss of Appetite,Fever,4 days,Yes,Yes,No,Yes,No,No,No,Yes,No,39.2°C,110,Canine Parvovirus
Dog,Labrador,4,Male,30.0,Vomiting,Loss of Appetite,Lethargy,Fever,5 days,Yes,Yes,No,Yes,No,No,No,Yes,No,39.2°C,100,Canine Parvovirus
Cat,Persian,3,Female,5.0,Coughing,Sneezing,Nasal Discharge,Fever,4 days,Yes,Yes,No,Yes,No,No,No,Yes,No,39.1°C,110,Feline Calicivirus
Horse,Arabian,5,Male,450.0,Lameness,Loss of Appetite,Swollen Legs,Fever,7 days,Yes,No,No,Yes,Yes,Yes,No,Yes,No,39.4°C,110,Equine Infectious Anemia
Horse,Clydesdale,6,Male,700.0,Lameness,Swollen Legs,Loss of Appetite,Fever,7 days,Yes,Yes,No,Yes,Yes,Yes,No,Yes,No,39.4°C,125,Equine Herpesvirus
Dog,Labrador,4,Male,25.0,Fever,Lethargy,Appetite Loss,Vomiting,3 days,Yes,Yes,No,No,No,No,No,No,No,39.5°C,120,Parvovirus
Cat,Siamese,2,Female,4.5,Coughing,Sneezing,Eye Discharge,Nasal Discharge,1 week,No,No,No,Yes,No,No,No,Yes,Yes,38.9°C,150,Upper Respiratory Infection
Cow,Holstein,3,Female,600.0,Fever,Nasal Discharge,Labored Breathing,Coughing,5 days,Yes,No,No,Yes,Yes,No,No,Yes,No,40.1°C,90,Foot and Mouth Disease
Dog,Beagle,1,Male,10.0,Diarrhea,Vomiting,Lethargy,Appetite Loss,2 days,Yes,Yes,Yes,No,No,No,No,No,No,39.2°C,130,Gastroenteritis
Cat,Persian,5,Male,3.8,Lethargy,Appetite Loss,Skin Lesions,No,2 weeks,Yes,No,No,No,No,No,Yes,No,No,38.7°C,160,Fungal Infection
Horse,Thoroughbred,6,Female,500.0,Coughing,Labored Breathing,Nasal Discharge,Fever,10 days,Yes,No,No,Yes,Yes,No,No,Yes,No,39.8°C,85,Equine Influenza
Dog,German Shepherd,3,Female,30.0,Lameness,Fever,Skin Lesions,Lethargy,7 days,Yes,No,No,No,No,Yes,Yes,No,No,39.3°C,110,Lyme Disease
Cat,Maine Coon,2,Male,6.0,Vomiting,Appetite Loss,Lethargy,Diarrhea,4 days,Yes,Yes,Yes,No,No,No,No,No,No,39.1°C,140,Intestinal Parasites
Dog,Bulldog,5,Male,23.0,Labored Breathing,Coughing,Nasal Discharge,Appetite Loss,6 days,Yes,No,No,Yes,Yes,No,No,Yes,No,40.0°C,115,Canine Distemper
Cow,Jersey,4,Female,580.0,Lethargy,Decreased Milk Yield,Fever,No,8 days,Yes,No,No,No,No,No,No,No,No,39.6°C,70,Mastitis
